"country-city","city","country"
"A Corua (La Corua) / Spain","A Corua (La Corua)","Spain"
"Abha / Saudi Arabia","Abha","Saudi Arabia"
"Abu Dhabi / United Arab Emirates","Abu Dhabi","United Arab Emirates"
"Acua / Mexico","Acua","Mexico"
"Adana / Turkey","Adana","Turkey"
"Addis Abeba / Ethiopia","Addis Abeba","Ethiopia"
"Aden / Yemen","Aden","Yemen"
"Adoni / India","Adoni","India"
"Ahmadnagar / India","Ahmadnagar","India"
"Akishima / Japan","Akishima","Japan"
"Akron / United States","Akron","United States"
"al-Ayn / United Arab Emirates","al-Ayn","United Arab Emirates"
"al-Hawiya / Saudi Arabia","al-Hawiya","Saudi Arabia"
"al-Manama / Bahrain","al-Manama","Bahrain"
"al-Qadarif / Sudan","al-Qadarif","Sudan"
"al-Qatif / Saudi Arabia","al-Qatif","Saudi Arabia"
"Alessandria / Italy","Alessandria","Italy"
"Allappuzha (Alleppey) / India","Allappuzha (Alleppey)","India"
"Allende / Mexico","Allende","Mexico"
"Almirante Brown / Argentina","Almirante Brown","Argentina"
"Alvorada / Brazil","Alvorada","Brazil"
"Ambattur / India","Ambattur","India"
"Amersfoort / Netherlands","Amersfoort","Netherlands"
"Amroha / India","Amroha","India"
"Angra dos Reis / Brazil","Angra dos Reis","Brazil"
"Anpolis / Brazil","Anpolis","Brazil"
"Antofagasta / Chile","Antofagasta","Chile"
"Aparecida de Goinia / Brazil","Aparecida de Goinia","Brazil"
"Apeldoorn / Netherlands","Apeldoorn","Netherlands"
"Araatuba / Brazil","Araatuba","Brazil"
"Arak / Iran","Arak","Iran"
"Arecibo / Puerto Rico","Arecibo","Puerto Rico"
"Arlington / United States","Arlington","United States"
"Ashdod / Israel","Ashdod","Israel"
"Ashgabat / Turkmenistan","Ashgabat","Turkmenistan"
"Ashqelon / Israel","Ashqelon","Israel"
"Asuncin / Paraguay","Asuncin","Paraguay"
"Athenai / Greece","Athenai","Greece"
"Atinsk / Russian Federation","Atinsk","Russian Federation"
"Atlixco / Mexico","Atlixco","Mexico"
"Augusta-Richmond County / United States","Augusta-Richmond County","United States"
"Aurora / United States","Aurora","United States"
"Avellaneda / Argentina","Avellaneda","Argentina"
"Bag / Brazil","Bag","Brazil"
"Baha Blanca / Argentina","Baha Blanca","Argentina"
"Baicheng / China","Baicheng","China"
"Baiyin / China","Baiyin","China"
"Baku / Azerbaijan","Baku","Azerbaijan"
"Balaiha / Russian Federation","Balaiha","Russian Federation"
"Balikesir / Turkey","Balikesir","Turkey"
"Balurghat / India","Balurghat","India"
"Bamenda / Cameroon","Bamenda","Cameroon"
"Bandar Seri Begawan / Brunei","Bandar Seri Begawan","Brunei"
"Banjul / Gambia","Banjul","Gambia"
"Barcelona / Venezuela","Barcelona","Venezuela"
"Basel / Switzerland","Basel","Switzerland"
"Bat Yam / Israel","Bat Yam","Israel"
"Batman / Turkey","Batman","Turkey"
"Batna / Algeria","Batna","Algeria"
"Battambang / Cambodia","Battambang","Cambodia"
"Baybay / Philippines","Baybay","Philippines"
"Bayugan / Philippines","Bayugan","Philippines"
"Bchar / Algeria","Bchar","Algeria"
"Beira / Mozambique","Beira","Mozambique"
"Bellevue / United States","Bellevue","United States"
"Belm / Brazil","Belm","Brazil"
"Benguela / Angola","Benguela","Angola"
"Beni-Mellal / Morocco","Beni-Mellal","Morocco"
"Benin City / Nigeria","Benin City","Nigeria"
"Bergamo / Italy","Bergamo","Italy"
"Berhampore (Baharampur) / India","Berhampore (Baharampur)","India"
"Bern / Switzerland","Bern","Switzerland"
"Bhavnagar / India","Bhavnagar","India"
"Bhilwara / India","Bhilwara","India"
"Bhimavaram / India","Bhimavaram","India"
"Bhopal / India","Bhopal","India"
"Bhusawal / India","Bhusawal","India"
"Bijapur / India","Bijapur","India"
"Bilbays / Egypt","Bilbays","Egypt"
"Binzhou / China","Binzhou","China"
"Birgunj / Nepal","Birgunj","Nepal"
"Bislig / Philippines","Bislig","Philippines"
"Blumenau / Brazil","Blumenau","Brazil"
"Boa Vista / Brazil","Boa Vista","Brazil"
"Boksburg / South Africa","Boksburg","South Africa"
"Botosani / Romania","Botosani","Romania"
"Botshabelo / South Africa","Botshabelo","South Africa"
"Bradford / United Kingdom","Bradford","United Kingdom"
"Braslia / Brazil","Braslia","Brazil"
"Bratislava / Slovakia","Bratislava","Slovakia"
"Brescia / Italy","Brescia","Italy"
"Brest / France","Brest","France"
"Brindisi / Italy","Brindisi","Italy"
"Brockton / United States","Brockton","United States"
"Bucuresti / Romania","Bucuresti","Romania"
"Buenaventura / Colombia","Buenaventura","Colombia"
"Bydgoszcz / Poland","Bydgoszcz","Poland"
"Cabuyao / Philippines","Cabuyao","Philippines"
"Callao / Peru","Callao","Peru"
"Cam Ranh / Vietnam","Cam Ranh","Vietnam"
"Cape Coral / United States","Cape Coral","United States"
"Caracas / Venezuela","Caracas","Venezuela"
"Carmen / Mexico","Carmen","Mexico"
"Cavite / Philippines","Cavite","Philippines"
"Cayenne / French Guiana","Cayenne","French Guiana"
"Celaya / Mexico","Celaya","Mexico"
"Chandrapur / India","Chandrapur","India"
"Changhwa / Taiwan","Changhwa","Taiwan"
"Changzhou / China","Changzhou","China"
"Chapra / India","Chapra","India"
"Charlotte Amalie / Virgin Islands, U.S.","Charlotte Amalie","Virgin Islands, U.S."
"Chatsworth / South Africa","Chatsworth","South Africa"
"Cheju / South Korea","Cheju","South Korea"
"Chiayi / Taiwan","Chiayi","Taiwan"
"Chisinau / Moldova","Chisinau","Moldova"
"Chungho / Taiwan","Chungho","Taiwan"
"Cianjur / Indonesia","Cianjur","Indonesia"
"Ciomas / Indonesia","Ciomas","Indonesia"
"Ciparay / Indonesia","Ciparay","Indonesia"
"Citrus Heights / United States","Citrus Heights","United States"
"Citt del Vaticano / Holy See (Vatican City State)","Citt del Vaticano","Holy See (Vatican City State)"
"Ciudad del Este / Paraguay","Ciudad del Este","Paraguay"
"Clarksville / United States","Clarksville","United States"
"Coacalco de Berriozbal / Mexico","Coacalco de Berriozbal","Mexico"
"Coatzacoalcos / Mexico","Coatzacoalcos","Mexico"
"Compton / United States","Compton","United States"
"Coquimbo / Chile","Coquimbo","Chile"
"Crdoba / Argentina","Crdoba","Argentina"
"Cuauhtmoc / Mexico","Cuauhtmoc","Mexico"
"Cuautla / Mexico","Cuautla","Mexico"
"Cuernavaca / Mexico","Cuernavaca","Mexico"
"Cuman / Venezuela","Cuman","Venezuela"
"Czestochowa / Poland","Czestochowa","Poland"
"Dadu / Pakistan","Dadu","Pakistan"
"Dallas / United States","Dallas","United States"
"Datong / China","Datong","China"
"Daugavpils / Latvia","Daugavpils","Latvia"
"Davao / Philippines","Davao","Philippines"
"Daxian / China","Daxian","China"
"Dayton / United States","Dayton","United States"
"Deba Habe / Nigeria","Deba Habe","Nigeria"
"Denizli / Turkey","Denizli","Turkey"
"Dhaka / Bangladesh","Dhaka","Bangladesh"
"Dhule (Dhulia) / India","Dhule (Dhulia)","India"
"Dongying / China","Dongying","China"
"Donostia-San Sebastin / Spain","Donostia-San Sebastin","Spain"
"Dos Quebradas / Colombia","Dos Quebradas","Colombia"
"Duisburg / Germany","Duisburg","Germany"
"Dundee / United Kingdom","Dundee","United Kingdom"
"Dzerzinsk / Russian Federation","Dzerzinsk","Russian Federation"
"Ede / Netherlands","Ede","Netherlands"
"Effon-Alaiye / Nigeria","Effon-Alaiye","Nigeria"
"El Alto / Bolivia","El Alto","Bolivia"
"El Fuerte / Mexico","El Fuerte","Mexico"
"El Monte / United States","El Monte","United States"
"Elista / Russian Federation","Elista","Russian Federation"
"Emeishan / China","Emeishan","China"
"Emmen / Netherlands","Emmen","Netherlands"
"Enshi / China","Enshi","China"
"Erlangen / Germany","Erlangen","Germany"
"Escobar / Argentina","Escobar","Argentina"
"Esfahan / Iran","Esfahan","Iran"
"Eskisehir / Turkey","Eskisehir","Turkey"
"Etawah / India","Etawah","India"
"Ezeiza / Argentina","Ezeiza","Argentina"
"Ezhou / China","Ezhou","China"
"Faaa / French Polynesia","Faaa","French Polynesia"
"Fengshan / Taiwan","Fengshan","Taiwan"
"Firozabad / India","Firozabad","India"
"Florencia / Colombia","Florencia","Colombia"
"Fontana / United States","Fontana","United States"
"Fukuyama / Japan","Fukuyama","Japan"
"Funafuti / Tuvalu","Funafuti","Tuvalu"
"Fuyu / China","Fuyu","China"
"Fuzhou / China","Fuzhou","China"
"Gandhinagar / India","Gandhinagar","India"
"Garden Grove / United States","Garden Grove","United States"
"Garland / United States","Garland","United States"
"Gatineau / Canada","Gatineau","Canada"
"Gaziantep / Turkey","Gaziantep","Turkey"
"Gijn / Spain","Gijn","Spain"
"Gingoog / Philippines","Gingoog","Philippines"
"Goinia / Brazil","Goinia","Brazil"
"Gorontalo / Indonesia","Gorontalo","Indonesia"
"Grand Prairie / United States","Grand Prairie","United States"
"Graz / Austria","Graz","Austria"
"Greensboro / United States","Greensboro","United States"
"Guadalajara / Mexico","Guadalajara","Mexico"
"Guaruj / Brazil","Guaruj","Brazil"
"guas Lindas de Gois / Brazil","guas Lindas de Gois","Brazil"
"Gulbarga / India","Gulbarga","India"
"Hagonoy / Philippines","Hagonoy","Philippines"
"Haining / China","Haining","China"
"Haiphong / Vietnam","Haiphong","Vietnam"
"Haldia / India","Haldia","India"
"Halifax / Canada","Halifax","Canada"
"Halisahar / India","Halisahar","India"
"Halle/Saale / Germany","Halle/Saale","Germany"
"Hami / China","Hami","China"
"Hamilton / New Zealand","Hamilton","New Zealand"
"Hanoi / Vietnam","Hanoi","Vietnam"
"Hidalgo / Mexico","Hidalgo","Mexico"
"Higashiosaka / Japan","Higashiosaka","Japan"
"Hino / Japan","Hino","Japan"
"Hiroshima / Japan","Hiroshima","Japan"
"Hodeida / Yemen","Hodeida","Yemen"
"Hohhot / China","Hohhot","China"
"Hoshiarpur / India","Hoshiarpur","India"
"Hsichuh / Taiwan","Hsichuh","Taiwan"
"Huaian / China","Huaian","China"
"Hubli-Dharwad / India","Hubli-Dharwad","India"
"Huejutla de Reyes / Mexico","Huejutla de Reyes","Mexico"
"Huixquilucan / Mexico","Huixquilucan","Mexico"
"Hunuco / Peru","Hunuco","Peru"
"Ibirit / Brazil","Ibirit","Brazil"
"Idfu / Egypt","Idfu","Egypt"
"Ife / Nigeria","Ife","Nigeria"
"Ikerre / Nigeria","Ikerre","Nigeria"
"Iligan / Philippines","Iligan","Philippines"
"Ilorin / Nigeria","Ilorin","Nigeria"
"Imus / Philippines","Imus","Philippines"
"Inegl / Turkey","Inegl","Turkey"
"Ipoh / Malaysia","Ipoh","Malaysia"
"Isesaki / Japan","Isesaki","Japan"
"Ivanovo / Russian Federation","Ivanovo","Russian Federation"
"Iwaki / Japan","Iwaki","Japan"
"Iwakuni / Japan","Iwakuni","Japan"
"Iwatsuki / Japan","Iwatsuki","Japan"
"Izumisano / Japan","Izumisano","Japan"
"Jaffna / Sri Lanka","Jaffna","Sri Lanka"
"Jaipur / India","Jaipur","India"
"Jakarta / Indonesia","Jakarta","Indonesia"
"Jalib al-Shuyukh / Kuwait","Jalib al-Shuyukh","Kuwait"
"Jamalpur / Bangladesh","Jamalpur","Bangladesh"
"Jaroslavl / Russian Federation","Jaroslavl","Russian Federation"
"Jastrzebie-Zdrj / Poland","Jastrzebie-Zdrj","Poland"
"Jedda / Saudi Arabia","Jedda","Saudi Arabia"
"Jelets / Russian Federation","Jelets","Russian Federation"
"Jhansi / India","Jhansi","India"
"Jinchang / China","Jinchang","China"
"Jining / China","Jining","China"
"Jinzhou / China","Jinzhou","China"
"Jodhpur / India","Jodhpur","India"
"Johannesburg / South Africa","Johannesburg","South Africa"
"Joliet / United States","Joliet","United States"
"Jos Azueta / Mexico","Jos Azueta","Mexico"
"Juazeiro do Norte / Brazil","Juazeiro do Norte","Brazil"
"Juiz de Fora / Brazil","Juiz de Fora","Brazil"
"Junan / China","Junan","China"
"Jurez / Mexico","Jurez","Mexico"
"Kabul / Afghanistan","Kabul","Afghanistan"
"Kaduna / Nigeria","Kaduna","Nigeria"
"Kakamigahara / Japan","Kakamigahara","Japan"
"Kaliningrad / Russian Federation","Kaliningrad","Russian Federation"
"Kalisz / Poland","Kalisz","Poland"
"Kamakura / Japan","Kamakura","Japan"
"Kamarhati / India","Kamarhati","India"
"Kamjanets-Podilskyi / Ukraine","Kamjanets-Podilskyi","Ukraine"
"Kamyin / Russian Federation","Kamyin","Russian Federation"
"Kanazawa / Japan","Kanazawa","Japan"
"Kanchrapara / India","Kanchrapara","India"
"Kansas City / United States","Kansas City","United States"
"Karnal / India","Karnal","India"
"Katihar / India","Katihar","India"
"Kermanshah / Iran","Kermanshah","Iran"
"Kilis / Turkey","Kilis","Turkey"
"Kimberley / South Africa","Kimberley","South Africa"
"Kimchon / South Korea","Kimchon","South Korea"
"Kingstown / Saint Vincent and the Grenadines","Kingstown","Saint Vincent and the Grenadines"
"Kirovo-Tepetsk / Russian Federation","Kirovo-Tepetsk","Russian Federation"
"Kisumu / Kenya","Kisumu","Kenya"
"Kitwe / Zambia","Kitwe","Zambia"
"Klerksdorp / South Africa","Klerksdorp","South Africa"
"Kolpino / Russian Federation","Kolpino","Russian Federation"
"Konotop / Ukraine","Konotop","Ukraine"
"Koriyama / Japan","Koriyama","Japan"
"Korla / China","Korla","China"
"Korolev / Russian Federation","Korolev","Russian Federation"
"Kowloon and New Kowloon / Hong Kong","Kowloon and New Kowloon","Hong Kong"
"Kragujevac / Yugoslavia","Kragujevac","Yugoslavia"
"Ktahya / Turkey","Ktahya","Turkey"
"Kuching / Malaysia","Kuching","Malaysia"
"Kumbakonam / India","Kumbakonam","India"
"Kurashiki / Japan","Kurashiki","Japan"
"Kurgan / Russian Federation","Kurgan","Russian Federation"
"Kursk / Russian Federation","Kursk","Russian Federation"
"Kuwana / Japan","Kuwana","Japan"
"La Paz / Mexico","La Paz","Mexico"
"La Plata / Argentina","La Plata","Argentina"
"La Romana / Dominican Republic","La Romana","Dominican Republic"
"Laiwu / China","Laiwu","China"
"Lancaster / United States","Lancaster","United States"
"Laohekou / China","Laohekou","China"
"Lapu-Lapu / Philippines","Lapu-Lapu","Philippines"
"Laredo / United States","Laredo","United States"
"Lausanne / Switzerland","Lausanne","Switzerland"
"Le Mans / France","Le Mans","France"
"Lengshuijiang / China","Lengshuijiang","China"
"Leshan / China","Leshan","China"
"Lethbridge / Canada","Lethbridge","Canada"
"Lhokseumawe / Indonesia","Lhokseumawe","Indonesia"
"Liaocheng / China","Liaocheng","China"
"Liepaja / Latvia","Liepaja","Latvia"
"Lilongwe / Malawi","Lilongwe","Malawi"
"Lima / Peru","Lima","Peru"
"Lincoln / United States","Lincoln","United States"
"Linz / Austria","Linz","Austria"
"Lipetsk / Russian Federation","Lipetsk","Russian Federation"
"Livorno / Italy","Livorno","Italy"
"Ljubertsy / Russian Federation","Ljubertsy","Russian Federation"
"Loja / Ecuador","Loja","Ecuador"
"London / United Kingdom","London","United Kingdom"
"London / Canada","London","Canada"
"Lublin / Poland","Lublin","Poland"
"Lubumbashi / Congo, The Democratic Republic of the","Lubumbashi","Congo, The Democratic Republic of the"
"Lungtan / Taiwan","Lungtan","Taiwan"
"Luzinia / Brazil","Luzinia","Brazil"
"Madiun / Indonesia","Madiun","Indonesia"
"Mahajanga / Madagascar","Mahajanga","Madagascar"
"Maikop / Russian Federation","Maikop","Russian Federation"
"Malm / Sweden","Malm","Sweden"
"Manchester / United States","Manchester","United States"
"Mandaluyong / Philippines","Mandaluyong","Philippines"
"Mandi Bahauddin / Pakistan","Mandi Bahauddin","Pakistan"
"Mannheim / Germany","Mannheim","Germany"
"Maracabo / Venezuela","Maracabo","Venezuela"
"Mardan / Pakistan","Mardan","Pakistan"
"Maring / Brazil","Maring","Brazil"
"Masqat / Oman","Masqat","Oman"
"Matamoros / Mexico","Matamoros","Mexico"
"Matsue / Japan","Matsue","Japan"
"Meixian / China","Meixian","China"
"Memphis / United States","Memphis","United States"
"Merlo / Argentina","Merlo","Argentina"
"Mexicali / Mexico","Mexicali","Mexico"
"Miraj / India","Miraj","India"
"Mit Ghamr / Egypt","Mit Ghamr","Egypt"
"Miyakonojo / Japan","Miyakonojo","Japan"
"Mogiljov / Belarus","Mogiljov","Belarus"
"Molodetno / Belarus","Molodetno","Belarus"
"Monclova / Mexico","Monclova","Mexico"
"Monywa / Myanmar","Monywa","Myanmar"
"Moscow / Russian Federation","Moscow","Russian Federation"
"Mosul / Iraq","Mosul","Iraq"
"Mukateve / Ukraine","Mukateve","Ukraine"
"Munger (Monghyr) / India","Munger (Monghyr)","India"
"Mwanza / Tanzania","Mwanza","Tanzania"
"Mwene-Ditu / Congo, The Democratic Republic of the","Mwene-Ditu","Congo, The Democratic Republic of the"
"Myingyan / Myanmar","Myingyan","Myanmar"
"Mysore / India","Mysore","India"
"Naala-Porto / Mozambique","Naala-Porto","Mozambique"
"Nabereznyje Telny / Russian Federation","Nabereznyje Telny","Russian Federation"
"Nador / Morocco","Nador","Morocco"
"Nagaon / India","Nagaon","India"
"Nagareyama / Japan","Nagareyama","Japan"
"Najafabad / Iran","Najafabad","Iran"
"Naju / South Korea","Naju","South Korea"
"Nakhon Sawan / Thailand","Nakhon Sawan","Thailand"
"Nam Dinh / Vietnam","Nam Dinh","Vietnam"
"Namibe / Angola","Namibe","Angola"
"Nantou / Taiwan","Nantou","Taiwan"
"Nanyang / China","Nanyang","China"
"NDjamna / Chad","NDjamna","Chad"
"Newcastle / South Africa","Newcastle","South Africa"
"Nezahualcyotl / Mexico","Nezahualcyotl","Mexico"
"Nha Trang / Vietnam","Nha Trang","Vietnam"
"Niznekamsk / Russian Federation","Niznekamsk","Russian Federation"
"Novi Sad / Yugoslavia","Novi Sad","Yugoslavia"
"Novoterkassk / Russian Federation","Novoterkassk","Russian Federation"
"Nukualofa / Tonga","Nukualofa","Tonga"
"Nuuk / Greenland","Nuuk","Greenland"
"Nyeri / Kenya","Nyeri","Kenya"
"Ocumare del Tuy / Venezuela","Ocumare del Tuy","Venezuela"
"Ogbomosho / Nigeria","Ogbomosho","Nigeria"
"Okara / Pakistan","Okara","Pakistan"
"Okayama / Japan","Okayama","Japan"
"Okinawa / Japan","Okinawa","Japan"
"Olomouc / Czech Republic","Olomouc","Czech Republic"
"Omdurman / Sudan","Omdurman","Sudan"
"Omiya / Japan","Omiya","Japan"
"Ondo / Nigeria","Ondo","Nigeria"
"Onomichi / Japan","Onomichi","Japan"
"Oshawa / Canada","Oshawa","Canada"
"Osmaniye / Turkey","Osmaniye","Turkey"
"ostka / Ukraine","ostka","Ukraine"
"Otsu / Japan","Otsu","Japan"
"Oulu / Finland","Oulu","Finland"
"Ourense (Orense) / Spain","Ourense (Orense)","Spain"
"Owo / Nigeria","Owo","Nigeria"
"Oyo / Nigeria","Oyo","Nigeria"
"Ozamis / Philippines","Ozamis","Philippines"
"Paarl / South Africa","Paarl","South Africa"
"Pachuca de Soto / Mexico","Pachuca de Soto","Mexico"
"Pak Kret / Thailand","Pak Kret","Thailand"
"Palghat (Palakkad) / India","Palghat (Palakkad)","India"
"Pangkal Pinang / Indonesia","Pangkal Pinang","Indonesia"
"Papeete / French Polynesia","Papeete","French Polynesia"
"Parbhani / India","Parbhani","India"
"Pathankot / India","Pathankot","India"
"Patiala / India","Patiala","India"
"Patras / Greece","Patras","Greece"
"Pavlodar / Kazakstan","Pavlodar","Kazakstan"
"Pemalang / Indonesia","Pemalang","Indonesia"
"Peoria / United States","Peoria","United States"
"Pereira / Colombia","Pereira","Colombia"
"Phnom Penh / Cambodia","Phnom Penh","Cambodia"
"Pingxiang / China","Pingxiang","China"
"Pjatigorsk / Russian Federation","Pjatigorsk","Russian Federation"
"Plock / Poland","Plock","Poland"
"Po / Brazil","Po","Brazil"
"Ponce / Puerto Rico","Ponce","Puerto Rico"
"Pontianak / Indonesia","Pontianak","Indonesia"
"Poos de Caldas / Brazil","Poos de Caldas","Brazil"
"Portoviejo / Ecuador","Portoviejo","Ecuador"
"Probolinggo / Indonesia","Probolinggo","Indonesia"
"Pudukkottai / India","Pudukkottai","India"
"Pune / India","Pune","India"
"Purnea (Purnia) / India","Purnea (Purnia)","India"
"Purwakarta / Indonesia","Purwakarta","Indonesia"
"Pyongyang / North Korea","Pyongyang","North Korea"
"Qalyub / Egypt","Qalyub","Egypt"
"Qinhuangdao / China","Qinhuangdao","China"
"Qomsheh / Iran","Qomsheh","Iran"
"Quilmes / Argentina","Quilmes","Argentina"
"Rae Bareli / India","Rae Bareli","India"
"Rajkot / India","Rajkot","India"
"Rampur / India","Rampur","India"
"Rancagua / Chile","Rancagua","Chile"
"Ranchi / India","Ranchi","India"
"Richmond Hill / Canada","Richmond Hill","Canada"
"Rio Claro / Brazil","Rio Claro","Brazil"
"Rizhao / China","Rizhao","China"
"Roanoke / United States","Roanoke","United States"
"Robamba / Ecuador","Robamba","Ecuador"
"Rockford / United States","Rockford","United States"
"Ruse / Bulgaria","Ruse","Bulgaria"
"Rustenburg / South Africa","Rustenburg","South Africa"
"s-Hertogenbosch / Netherlands","s-Hertogenbosch","Netherlands"
"Saarbrcken / Germany","Saarbrcken","Germany"
"Sagamihara / Japan","Sagamihara","Japan"
"Saint Louis / United States","Saint Louis","United States"
"Saint-Denis / Runion","Saint-Denis","Runion"
"Sal / Morocco","Sal","Morocco"
"Salala / Oman","Salala","Oman"
"Salamanca / Mexico","Salamanca","Mexico"
"Salinas / United States","Salinas","United States"
"Salzburg / Austria","Salzburg","Austria"
"Sambhal / India","Sambhal","India"
"San Bernardino / United States","San Bernardino","United States"
"San Felipe de Puerto Plata / Dominican Republic","San Felipe de Puerto Plata","Dominican Republic"
"San Felipe del Progreso / Mexico","San Felipe del Progreso","Mexico"
"San Juan Bautista Tuxtepec / Mexico","San Juan Bautista Tuxtepec","Mexico"
"San Lorenzo / Paraguay","San Lorenzo","Paraguay"
"San Miguel de Tucumn / Argentina","San Miguel de Tucumn","Argentina"
"Sanaa / Yemen","Sanaa","Yemen"
"Santa Brbara dOeste / Brazil","Santa Brbara dOeste","Brazil"
"Santa F / Argentina","Santa F","Argentina"
"Santa Rosa / Philippines","Santa Rosa","Philippines"
"Santiago de Compostela / Spain","Santiago de Compostela","Spain"
"Santiago de los Caballeros / Dominican Republic","Santiago de los Caballeros","Dominican Republic"
"Santo Andr / Brazil","Santo Andr","Brazil"
"Sanya / China","Sanya","China"
"Sasebo / Japan","Sasebo","Japan"
"Satna / India","Satna","India"
"Sawhaj / Egypt","Sawhaj","Egypt"
"Serpuhov / Russian Federation","Serpuhov","Russian Federation"
"Shahr-e Kord / Iran","Shahr-e Kord","Iran"
"Shanwei / China","Shanwei","China"
"Shaoguan / China","Shaoguan","China"
"Sharja / United Arab Emirates","Sharja","United Arab Emirates"
"Shenzhen / China","Shenzhen","China"
"Shikarpur / Pakistan","Shikarpur","Pakistan"
"Shimoga / India","Shimoga","India"
"Shimonoseki / Japan","Shimonoseki","Japan"
"Shivapuri / India","Shivapuri","India"
"Shubra al-Khayma / Egypt","Shubra al-Khayma","Egypt"
"Siegen / Germany","Siegen","Germany"
"Siliguri (Shiliguri) / India","Siliguri (Shiliguri)","India"
"Simferopol / Ukraine","Simferopol","Ukraine"
"Sincelejo / Colombia","Sincelejo","Colombia"
"Sirjan / Iran","Sirjan","Iran"
"Sivas / Turkey","Sivas","Turkey"
"Skikda / Algeria","Skikda","Algeria"
"Smolensk / Russian Federation","Smolensk","Russian Federation"
"So Bernardo do Campo / Brazil","So Bernardo do Campo","Brazil"
"So Leopoldo / Brazil","So Leopoldo","Brazil"
"Sogamoso / Colombia","Sogamoso","Colombia"
"Sokoto / Nigeria","Sokoto","Nigeria"
"Songkhla / Thailand","Songkhla","Thailand"
"Sorocaba / Brazil","Sorocaba","Brazil"
"Soshanguve / South Africa","Soshanguve","South Africa"
"Sousse / Tunisia","Sousse","Tunisia"
"South Hill / Anguilla","South Hill","Anguilla"
"Southampton / United Kingdom","Southampton","United Kingdom"
"Southend-on-Sea / United Kingdom","Southend-on-Sea","United Kingdom"
"Southport / United Kingdom","Southport","United Kingdom"
"Springs / South Africa","Springs","South Africa"
"Stara Zagora / Bulgaria","Stara Zagora","Bulgaria"
"Sterling Heights / United States","Sterling Heights","United States"
"Stockport / United Kingdom","Stockport","United Kingdom"
"Sucre / Bolivia","Sucre","Bolivia"
"Suihua / China","Suihua","China"
"Sullana / Peru","Sullana","Peru"
"Sultanbeyli / Turkey","Sultanbeyli","Turkey"
"Sumqayit / Azerbaijan","Sumqayit","Azerbaijan"
"Sumy / Ukraine","Sumy","Ukraine"
"Sungai Petani / Malaysia","Sungai Petani","Malaysia"
"Sunnyvale / United States","Sunnyvale","United States"
"Surakarta / Indonesia","Surakarta","Indonesia"
"Syktyvkar / Russian Federation","Syktyvkar","Russian Federation"
"Syrakusa / Italy","Syrakusa","Italy"
"Szkesfehrvr / Hungary","Szkesfehrvr","Hungary"
"Tabora / Tanzania","Tabora","Tanzania"
"Tabriz / Iran","Tabriz","Iran"
"Tabuk / Saudi Arabia","Tabuk","Saudi Arabia"
"Tafuna / American Samoa","Tafuna","American Samoa"
"Taguig / Philippines","Taguig","Philippines"
"Taizz / Yemen","Taizz","Yemen"
"Talavera / Philippines","Talavera","Philippines"
"Tallahassee / United States","Tallahassee","United States"
"Tama / Japan","Tama","Japan"
"Tambaram / India","Tambaram","India"
"Tanauan / Philippines","Tanauan","Philippines"
"Tandil / Argentina","Tandil","Argentina"
"Tangail / Bangladesh","Tangail","Bangladesh"
"Tanshui / Taiwan","Tanshui","Taiwan"
"Tanza / Philippines","Tanza","Philippines"
"Tarlac / Philippines","Tarlac","Philippines"
"Tarsus / Turkey","Tarsus","Turkey"
"Tartu / Estonia","Tartu","Estonia"
"Teboksary / Russian Federation","Teboksary","Russian Federation"
"Tegal / Indonesia","Tegal","Indonesia"
"Tel Aviv-Jaffa / Israel","Tel Aviv-Jaffa","Israel"
"Tete / Mozambique","Tete","Mozambique"
"Tianjin / China","Tianjin","China"
"Tiefa / China","Tiefa","China"
"Tieli / China","Tieli","China"
"Tokat / Turkey","Tokat","Turkey"
"Tonghae / South Korea","Tonghae","South Korea"
"Tongliao / China","Tongliao","China"
"Torren / Mexico","Torren","Mexico"
"Touliu / Taiwan","Touliu","Taiwan"
"Toulon / France","Toulon","France"
"Toulouse / France","Toulouse","France"
"Trshavn / Faroe Islands","Trshavn","Faroe Islands"
"Tsaotun / Taiwan","Tsaotun","Taiwan"
"Tsuyama / Japan","Tsuyama","Japan"
"Tuguegarao / Philippines","Tuguegarao","Philippines"
"Tychy / Poland","Tychy","Poland"
"Udaipur / India","Udaipur","India"
"Udine / Italy","Udine","Italy"
"Ueda / Japan","Ueda","Japan"
"Uijongbu / South Korea","Uijongbu","South Korea"
"Uluberia / India","Uluberia","India"
"Urawa / Japan","Urawa","Japan"
"Uruapan / Mexico","Uruapan","Mexico"
"Usak / Turkey","Usak","Turkey"
"Usolje-Sibirskoje / Russian Federation","Usolje-Sibirskoje","Russian Federation"
"Uttarpara-Kotrung / India","Uttarpara-Kotrung","India"
"Vaduz / Liechtenstein","Vaduz","Liechtenstein"
"Valencia / Venezuela","Valencia","Venezuela"
"Valle de la Pascua / Venezuela","Valle de la Pascua","Venezuela"
"Valle de Santiago / Mexico","Valle de Santiago","Mexico"
"Valparai / India","Valparai","India"
"Vancouver / Canada","Vancouver","Canada"
"Varanasi (Benares) / India","Varanasi (Benares)","India"
"Vicente Lpez / Argentina","Vicente Lpez","Argentina"
"Vijayawada / India","Vijayawada","India"
"Vila Velha / Brazil","Vila Velha","Brazil"
"Vilnius / Lithuania","Vilnius","Lithuania"
"Vinh / Vietnam","Vinh","Vietnam"
"Vitria de Santo Anto / Brazil","Vitria de Santo Anto","Brazil"
"Warren / United States","Warren","United States"
"Weifang / China","Weifang","China"
"Witten / Germany","Witten","Germany"
"Woodridge / Australia","Woodridge","Australia"
"Wroclaw / Poland","Wroclaw","Poland"
"Xiangfan / China","Xiangfan","China"
"Xiangtan / China","Xiangtan","China"
"Xintai / China","Xintai","China"
"Xinxiang / China","Xinxiang","China"
"Yamuna Nagar / India","Yamuna Nagar","India"
"Yangor / Nauru","Yangor","Nauru"
"Yantai / China","Yantai","China"
"Yaound / Cameroon","Yaound","Cameroon"
"Yerevan / Armenia","Yerevan","Armenia"
"Yinchuan / China","Yinchuan","China"
"Yingkou / China","Yingkou","China"
"York / United Kingdom","York","United Kingdom"
"Yuncheng / China","Yuncheng","China"
"Yuzhou / China","Yuzhou","China"
"Zalantun / China","Zalantun","China"
"Zanzibar / Tanzania","Zanzibar","Tanzania"
"Zaoyang / China","Zaoyang","China"
"Zapopan / Mexico","Zapopan","Mexico"
"Zaria / Nigeria","Zaria","Nigeria"
"Zeleznogorsk / Russian Federation","Zeleznogorsk","Russian Federation"
"Zhezqazghan / Kazakstan","Zhezqazghan","Kazakstan"
"Zhoushan / China","Zhoushan","China"
"Ziguinchor / Senegal","Ziguinchor","Senegal"
